country,label,Lower_whisker,Upper_whisker,Log_GDP_per_capita,Social_support,Healthy_life_expectancy,Freedom_to_make_life_choices,Generosity,Perceptions_of_corruption,Dystopia_+_residual
Afghanistan,0,1.301,1.427,0.649,0.0,0.155,0.0,0.075,0.135,0.348
Albania,1,5.284,5.539,1.371,1.122,0.696,0.841,0.103,0.057,1.22
Algeria,1,5.469,5.674,1.315,1.363,0.782,0.522,0.057,0.219,1.313
Angola,0,5.693,5.933,1.332,1.391,0.547,0.76,0.112,0.118,1.392
Argentina,2,6.302,6.492,1.504,1.622,0.579,0.824,0.048,0.083,1.736
Armenia,1,5.391,5.596,1.391,1.349,0.828,0.786,0.032,0.158,0.95
Australia,2,6.89,7.057,1.767,1.647,0.841,0.857,0.164,0.285,1.413
Austria,2,6.728,6.891,1.791,1.592,0.814,0.856,0.179,0.28,1.297
Azerbaijan,0,4.78,4.969,1.428,1.03,0.707,0.785,0.076,0.179,0.67
Bahrain,1,5.891,6.17,1.752,1.391,0.609,0.907,0.148,0.167,1.057
Bangladesh,0,3.753,3.949,1.116,0.286,0.592,0.92,0.11,0.132,0.695
Belarus,1,5.693,5.95,1.562,1.157,0.629,0.342,0.04,0.282,1.811
Belgium,2,6.845,6.974,1.783,1.646,0.852,0.895,0.119,0.306,1.309
Belize,2,6.432,6.989,1.256,1.54,0.525,1.018,0.072,0.082,2.218
Benin,0,4.222,4.492,0.855,0.228,0.357,0.679,0.092,0.238,1.909
Bhutan,1,5.693,5.933,1.332,1.391,0.547,0.76,0.112,0.118,1.392
Bolivia,1,5.758,5.977,1.173,1.356,0.346,0.817,0.067,0.052,2.057
Bosnia and Herzegovina,1,6.039,6.234,1.405,1.545,0.616,0.749,0.178,0.009,1.635
Botswana,0,3.301,3.576,1.388,1.146,0.094,0.697,0.018,0.083,0.012
Brazil,2,6.394,6.593,1.391,1.519,0.48,0.83,0.089,0.127,2.057
Bulgaria,1,5.46,5.647,1.573,1.725,0.463,0.708,0.055,0.0,1.029
Burkina Faso,0,4.26,4.506,0.724,0.828,0.296,0.671,0.142,0.218,1.504
Burundi,0,3.565,3.985,0.0,0.062,0.155,0.298,0.172,0.212,2.876
Cambodia,0,4.237,4.446,1.049,1.215,0.481,0.988,0.138,0.078,0.393
Cameroon,0,4.767,5.007,0.944,0.986,0.302,0.662,0.099,0.06,1.834
Canada,2,6.718,6.888,1.749,1.647,0.832,0.813,0.168,0.323,1.271
Central African Republic,0,3.25014138221741,3.70165848731995,0.0410720817744732,0.0,0.0,0.292814463376999,0.253513216972351,0.0282647181302309,2.8601975440979
Chad,0,4.253,4.515,0.592,0.902,0.242,0.477,0.175,0.111,1.884
Chile,2,6.273,6.449,1.537,1.577,0.711,0.779,0.093,0.085,1.579
China,1,5.819,6.023,1.445,1.307,0.789,0.764,0.079,0.154,1.382
Colombia,1,5.897,6.112,1.38,1.513,0.587,0.777,0.039,0.051,1.658
Comoros,0,3.59,3.919,0.835,0.501,0.428,0.26,0.117,0.164,1.45
Congo,1,4.855,5.205,1.023,0.796,0.336,0.626,0.082,0.126,2.04
Costa Rica,2,7.187,7.361,1.492,1.6,0.68,0.948,0.067,0.118,2.369
Croatia,1,5.777,5.963,1.644,1.673,0.669,0.478,0.022,0.065,1.319
Cuba,1,5.693,5.933,1.332,1.391,0.547,0.76,0.112,0.118,1.392
Cyprus,1,5.827,6.058,1.72,1.348,0.84,0.612,0.108,0.041,1.273
Czechia,2,6.696,6.854,1.692,1.716,0.658,0.916,0.118,0.084,1.591
Côte d’Ivoire,1,4.967,5.238,1.038,0.76,0.206,0.661,0.1,0.162,2.176
DR Congo,0,3.331,3.608,0.544,0.929,0.278,0.6,0.151,0.061,0.906
Denmark,2,7.431,7.611,1.825,1.748,0.82,0.955,0.15,0.488,1.535
Djibouti,0,5.693,5.933,1.332,1.391,0.547,0.76,0.112,0.118,1.392
Dominican Republic,1,5.705,5.988,1.457,1.5,0.615,0.866,0.063,0.186,1.16
Ecuador,1,5.848,6.083,1.299,1.32,0.702,0.712,0.058,0.066,1.808
Egypt,0,3.725,3.909,1.347,1.075,0.473,0.593,0.018,0.103,0.21
El Salvador,2,6.365,6.619,1.222,1.228,0.559,0.955,0.054,0.264,2.211
Estonia,2,6.337,6.497,1.65,1.716,0.642,0.902,0.128,0.378,1.001
Eswatini,0,3.654,3.893,1.183,1.152,0.038,0.428,0.054,0.13,0.79
Ethiopia,0,3.786,4.011,0.757,1.051,0.416,0.54,0.182,0.1,0.852
Finland,2,7.662,7.81,1.749,1.783,0.824,0.986,0.11,0.502,1.782
France,2,6.517,6.668,1.733,1.535,0.832,0.743,0.099,0.264,1.386
Gabon,1,4.985,5.256,1.386,1.224,0.387,0.651,0.042,0.086,1.343
Gambia,0,4.315,4.53,0.778,0.958,0.348,0.611,0.255,0.045,1.428
Georgia,1,5.304,5.496,1.444,1.275,0.482,0.844,0.0,0.172,1.182
Germany,2,6.652,6.854,1.785,1.625,0.776,0.858,0.148,0.351,1.21
Ghana,0,4.235,4.444,1.053,1.01,0.438,0.771,0.139,0.025,0.904
Greece,1,5.677,5.875,1.608,1.438,0.725,0.396,0.003,0.063,1.543
Guatemala,2,6.222,6.503,1.249,1.33,0.376,0.882,0.075,0.085,2.365
Guinea,0,4.787,5.07,0.873,0.791,0.306,0.676,0.157,0.098,2.027
Guyana,1,5.693,5.933,1.332,1.391,0.547,0.76,0.112,0.118,1.392
Haiti,0,3.276,3.953,0.294,0.173,0.227,0.257,0.463,0.139,2.06
Honduras,1,5.821,6.108,1.036,1.187,0.436,0.862,0.134,0.079,2.229
Hong Kong SAR of China,1,5.417,5.566,1.79,1.41,0.948,0.674,0.116,0.386,0.168
Hungary,1,5.809,6.02,1.638,1.742,0.587,0.681,0.099,0.057,1.111
Iceland,2,7.425,7.606,1.799,1.84,0.873,0.971,0.201,0.173,1.659
India,0,4.32,4.457,1.149,0.86,0.316,0.914,0.141,0.12,0.889
Indonesia,1,5.516,5.717,1.288,1.372,0.454,0.918,0.323,0.044,1.218
Iran,1,4.994,5.193,1.33,1.367,0.609,0.456,0.202,0.122,1.007
Iraq,1,4.866,5.085,1.261,1.275,0.589,0.503,0.1,0.069,1.178
Ireland,2,6.801,6.977,1.988,1.659,0.823,0.906,0.179,0.382,0.952
Israel,2,7.168,7.301,1.695,1.743,0.824,0.74,0.144,0.193,1.895
Italy,2,6.309,6.521,1.724,1.526,0.852,0.641,0.082,0.071,1.517
Jamaica,1,5.563,6.178,1.182,1.545,0.504,0.869,0.075,0.019,1.676
Japan,1,6.063,6.23,1.678,1.55,0.921,0.746,0.014,0.2,1.038
Jordan,0,4.193,4.426,1.158,1.202,0.573,0.7,0.051,0.164,0.461
Kazakhstan,2,6.294,6.462,1.586,1.688,0.504,0.878,0.111,0.118,1.492
Kenya,0,4.384,4.636,0.994,1.047,0.448,0.649,0.22,0.073,1.079
Kosovo,2,6.557,6.761,1.281,1.454,0.896,0.893,0.201,0.087,1.847
Kuwait,2,6.52,6.738,1.691,1.481,0.766,0.934,0.143,0.167,1.448
Kyrgyzstan,1,5.778,5.938,1.032,1.715,0.647,0.981,0.169,0.053,1.261
Lao PDR,1,5.179,5.422,1.122,1.01,0.493,0.916,0.145,0.164,1.452
Latvia,2,6.123,6.292,1.619,1.711,0.503,0.789,0.108,0.082,1.396
Lebanon,0,3.098,3.277,1.223,0.984,0.44,0.279,0.071,0.041,0.15
Lesotho,0,3.558,3.957,0.737,1.131,0.0,0.606,0.065,0.072,1.145
Liberia,0,4.111,4.444,0.582,0.888,0.324,0.653,0.143,0.068,1.618
Libya,1,5.727,5.913,1.247,1.309,0.549,0.724,0.111,0.214,1.666
Lithuania,2,6.746,6.912,1.684,1.699,0.592,0.702,0.031,0.123,1.998
Luxembourg,2,7.031,7.213,2.028,1.558,0.864,0.931,0.117,0.397,1.227
Madagascar,0,4.05,4.265,0.588,0.938,0.341,0.292,0.131,0.118,1.751
Malawi,0,3.13,3.39,0.588,0.489,0.28,0.677,0.115,0.136,0.975
Malaysia,1,5.854,6.055,1.571,1.315,0.446,0.991,0.181,0.11,1.341
Maldives,1,5.057,5.339,1.115,1.015,0.697,0.575,0.204,0.073,1.52
Mali,0,4.232,4.457,0.709,0.908,0.318,0.767,0.093,0.114,1.436
Malta,2,6.234,6.398,1.76,1.671,0.837,0.837,0.217,0.115,0.879
Mauritania,0,4.408,4.676,1.023,0.919,0.516,0.454,0.113,0.195,1.323
Mauritius,1,5.715,5.948,1.499,1.521,0.617,0.761,0.095,0.13,1.209
Mexico,2,6.889,7.068,1.435,1.504,0.55,0.879,0.057,0.118,2.438
Mongolia,1,5.747,5.919,1.336,1.731,0.423,0.629,0.18,0.053,1.481
Montenegro,1,5.789,5.965,1.507,1.551,0.618,0.768,0.075,0.138,1.22
Morocco,0,4.509,4.736,1.139,0.635,0.585,0.748,0.031,0.095,1.388
Mozambique,1,5.004,5.376,0.559,1.131,0.124,0.813,0.127,0.173,2.262
Myanmar,0,4.172,4.471,0.975,1.144,0.446,0.569,0.322,0.163,0.702
Namibia,0,4.797,5.025,1.182,1.482,0.104,0.564,0.052,0.056,1.47
Nepal,1,5.184,5.437,0.944,1.21,0.463,0.764,0.155,0.099,1.676
Netherlands,2,7.24,7.372,1.822,1.667,0.844,0.86,0.186,0.344,1.583
New Zealand,2,6.874,7.031,1.698,1.712,0.815,0.861,0.167,0.429,1.27
Nicaragua,2,6.186,6.475,1.084,1.47,0.646,0.912,0.103,0.271,1.844
Niger,0,4.588,4.863,0.606,0.796,0.258,0.759,0.122,0.137,2.048
Nigeria,0,4.748,5.022,0.989,1.245,0.38,0.639,0.17,0.028,1.433
North Cyprus,1,5.325,5.609,1.815,0.888,0.819,0.523,0.13,0.213,1.078
North Macedonia,1,5.409,5.597,1.458,1.537,0.544,0.637,0.13,0.007,1.19
Norway,2,7.171,7.353,1.902,1.711,0.863,0.962,0.168,0.425,1.231
Oman,2,5.973,6.42,1.603,1.411,0.5,0.93,0.142,0.118,1.392
Pakistan,0,4.644,4.892,0.982,0.759,0.417,0.529,0.136,0.046,1.898
Panama,2,6.284,6.531,1.594,1.6,0.717,0.876,0.041,0.042,1.537
Paraguay,1,6.064,6.279,1.329,1.615,0.291,0.921,0.097,0.063,1.857
Peru,1,5.844,6.049,1.323,1.364,0.551,0.71,0.05,0.021,1.929
Philippines,1,5.994,6.22,1.177,1.385,0.315,0.966,0.075,0.11,2.079
Poland,2,6.611,6.734,1.666,1.595,0.63,0.79,0.021,0.169,1.802
Portugal,1,5.907,6.118,1.646,1.56,0.822,0.879,0.04,0.034,1.032
Puerto Rico,2,5.693,5.933,1.332,1.391,0.547,0.76,0.112,0.118,1.392
Qatar,2,5.693,5.933,1.332,1.391,0.547,0.76,0.112,0.118,1.392
Republic of Korea,1,5.945,6.131,1.709,1.357,0.903,0.678,0.1,0.139,1.152
Republic of Moldova,1,5.706,5.933,1.332,1.43,0.414,0.83,0.054,0.037,1.722
Romania,2,6.47,6.655,1.636,1.401,0.561,0.847,0.028,0.015,2.075
Russian Federation,1,5.865,6.026,1.63,1.549,0.47,0.702,0.095,0.125,1.373
Rwanda,0,3.074,3.462,0.785,0.133,0.462,0.621,0.187,0.544,0.536
Saudi Arabia,2,6.497,6.702,1.743,1.566,0.714,0.915,0.105,0.187,1.37
Senegal,0,4.732,4.979,0.907,0.977,0.433,0.767,0.129,0.09,1.553
Serbia,2,6.513,6.698,1.489,1.62,0.545,0.767,0.131,0.107,1.946
Sierra Leone,0,2.894,3.102,0.786,0.692,0.327,0.613,0.138,0.052,0.391
Singapore,2,6.481,6.65,2.022,1.565,0.935,0.856,0.164,0.522,0.501
Slovakia,2,6.154,6.288,1.629,1.762,0.547,0.704,0.058,0.07,1.451
Slovenia,2,6.695,6.889,1.692,1.718,0.802,0.961,0.121,0.113,1.384
Somalia,0,4.203,4.49,0.535,0.877,0.046,0.916,0.206,0.192,1.575
Somaliland Region,1,5.693,5.933,1.332,1.391,0.547,0.76,0.112,0.118,1.392
South Africa,1,5.086,5.339,1.283,1.465,0.142,0.676,0.064,0.043,1.54
South Sudan,0,2.60568380355835,3.02751636505127,0.28908297419548,0.553278505802155,0.208809033036232,0.0656092539429665,0.20993460714817,0.111156798899174,1.37875127792358
Spain,2,6.385,6.547,1.69,1.685,0.894,0.734,0.112,0.18,1.17
Sri Lanka,0,3.78,4.001,1.271,1.308,0.567,0.696,0.121,0.025,-0.099
State of Palestine,0,4.675,4.886,1.047,1.456,0.521,0.618,0.055,0.081,1.368
Sudan,0,5.693,5.933,1.332,1.391,0.547,0.76,0.112,0.118,1.392
Suriname,2,5.693,5.933,1.332,1.391,0.547,0.76,0.112,0.118,1.392
Swaziland,0,4.168,4.448,0.849,0.693,0.074,0.323,0.067,0.147,2.155
Sweden,2,7.262,7.427,1.783,1.698,0.889,0.952,0.17,0.467,1.385
Switzerland,2,6.854,7.015,1.87,1.622,0.883,0.889,0.156,0.468,1.047
Syria,0,5.693,5.933,1.332,1.391,0.547,0.76,0.112,0.118,1.392
Taiwan Province of China,2,6.579,6.76,1.73,1.583,0.817,0.76,0.057,0.187,1.534
Tajikistan,1,5.337,5.485,0.914,1.555,0.658,0.599,0.085,0.342,1.823
Tanzania,0,3.661,3.938,0.847,0.908,0.411,0.858,0.153,0.243,0.38
Thailand,2,6.117,6.327,1.426,1.551,0.633,0.927,0.223,0.039,1.423
Togo,0,4.2,4.43,0.757,0.736,0.378,0.576,0.097,0.153,1.618
Trinidad and Tobago,1,5.651,6.159,1.549,1.532,0.419,0.76,0.111,0.001,1.533
Tunisia,0,4.47,4.633,1.257,1.224,0.459,0.382,0.032,0.05,1.149
Turkmenistan,1,5.371,5.578,1.484,1.319,0.516,0.649,0.314,0.032,1.16
Türkiye,1,5.178,5.347,1.582,1.444,0.626,0.244,0.04,0.104,1.223
Uganda,0,4.336,4.587,0.762,1.342,0.396,0.751,0.148,0.05,1.012
Ukraine,0,4.565,4.794,1.328,1.472,0.472,0.689,0.245,0.023,0.451
United Arab Emirates,2,6.673,6.846,1.812,1.294,0.659,0.934,0.165,0.235,1.66
United Kingdom,2,6.647,6.809,1.725,1.562,0.779,0.872,0.211,0.318,1.26
United States,2,6.629,6.82,1.839,1.614,0.604,0.644,0.171,0.161,1.69
Uruguay,2,6.578,6.743,1.554,1.654,0.523,0.913,0.078,0.197,1.741
Uzbekistan,2,6.088,6.297,1.179,1.615,0.654,0.977,0.195,0.208,1.364
Venezuela,1,5.57,5.796,0.0,1.493,0.515,0.702,0.154,0.117,2.701
Viet Nam,2,6.28,6.424,1.278,1.533,0.631,1.012,0.039,0.174,1.684
Yemen,0,3.408,3.714,0.631,1.482,0.375,0.447,0.066,0.106,0.454
Zambia,0,3.769,4.056,0.848,1.013,0.233,0.872,0.131,0.107,0.709
Zimbabwe,0,3.283,3.509,0.827,0.961,0.178,0.598,0.065,0.131,0.636
